"pk_orderno","fk_servicelevelid","fk_controlcustomerno","custname","billno","custcity","fk_custstate","custzip","shipper_nbr","shipper_name","shipper_addr_1","shipper_addr_2","shipper_city","shipper_st","shipper_cntry","shipper_zip","consignee_name","consignee_addr_1","consignee_addr_2","consignee_city","consignee_st","consignee_cntry","consignee_zip","origin_port_iata","destination_port_iata","order_status","fk_salesperson","actual_wght_lbs","actual_wght_kgs","chrg_wght_lbs","chrg_wght_kgs","tot_charges","tot_costs","fk_modeid","pieces","userid","orderdate","note"
"7050548","EC","19299","PAINT AND PIXELS LLC",19299,"REDDING","CT","6896",19299,"PAINT AND PIXELS LLC","2 INDIAN HILL ROAD","","REDDING","CT","US","6896","Laura Rathe Fine Art","2707 Colquitt St,","","Houston","TX","US","77098","EWR","IAH","$$$","LGB03","145.0","66.0","232.0","105.5","427.00","0.00","DOMAIR","5","glugliani","2022-03-23T05:21:07.320Z",
"7050570","ND","20676","ARCHITECTURAL WINDOW SHADES",20676,"EL MONTE","CA","91731",20676,"ARCHITECTURAL WINDOW SHADES","9900 GIDLEY ST","","EL MONTE","CA","US","91731","Van Cleef & Arpels â€“ Hudson Yards","20 Hudson Yards, Suite 131B","","Empire State","NY","US","10001","LAX","JFK","$$$","LGB03","25.0","11.5","25.0","11.5",,,"DOMAIR","1","atalley","2022-03-23T08:21:19.917Z",
"7050550","2D","20608","NATIONWIDE WHOLESALE VIDEO,  INC",20608,"WIXON","MI","48393",21404,"NATIONWIDE - ATL","1225 KENNESTONE CIRCLE SUITE 100A","","MARIETTA","GA","US","30066","LIVE TECHNOLOGIES - COLUMBUS","3445 MILLENNIUM COURT","","COLUMBUS","OH","US","43219","ATL","CMH","NEW","LGB17","372.0","169.0","760.0","345.0","495.61","395.92","DOMAIR","1","idollosa","2022-03-23T05:36:14.287Z","***DELIVE ON 3/31 BY 1700***"
"7050550","2D","20608","NATIONWIDE WHOLESALE VIDEO,  INC",20608,"WIXON","MI","48393",21404,"NATIONWIDE - ATL","1225 KENNESTONE CIRCLE SUITE 100A","","MARIETTA","GA","US","30066","LIVE TECHNOLOGIES - COLUMBUS","3445 MILLENNIUM COURT","","COLUMBUS","OH","US","43219","ATL","CMH","NEW","LGB17","372.0","169.0","760.0","345.0","495.61","395.92","DOMAIR","1","idollosa","2022-03-23T05:36:14.287Z","***DELIVE ON 3/31 BY 1700***"
"7050565","EC","2430","CHRISTIE DIGITAL (CA)",2430,"CYPRESS","CA","90630",0,"","","","Riverside","CA","US","92507","","","","Coconut Creek","FL","US","33073","LAX","MIA","NEW","LAX06","357.0","162.0","649.0","294.5","0.00","527.41","DOMAIR","1","dahall","2022-03-23T07:43:30.080Z",
"7050567","EC","20187","PULP STUDIO INC",20187,"GARDENA","CA","90249",20187,"PULP STUDIO INC","2100 WEST 139TH ST","","GARDENA","CA","US","90249","Rolex","650 Fifth Avenue, 7th Floor.","","New York","NY","US","10022","LAX","JFK","$$$","LGB07","700.0","317.5","700.0","317.5","975.00","545.12","DOMAIR","1","atalley","2022-03-23T07:49:57.220Z",
"7050612","EC","2430","CHRISTIE DIGITAL (CA)",2430,"CYPRESS","CA","90630",0,"","","","Riverside","CA","US","92507","","","","Phoenix","AZ","US","85009","LAX","PHX","NEW","LAX06","135.0","61.5","188.0","85.5","0.00","129.82","DOMAIR","1","dahall","2022-03-23T13:25:19.720Z",
"7050541","2D","20608","NATIONWIDE WHOLESALE VIDEO,  INC",20608,"WIXON","MI","48393",21403,"NATIONWIDE - EWR","60 METRO WAY","","SECAUCUS","NJ","US","07094","XAVIER UNIVERSITY CINTAS CENTER","1624 HERALD AVE.","VIDEO PRODUCTION","CINCINNATI","OH","US","45207","EWR","CVG","NEW","LGB17","588.0","267.0","693.0","314.5","750.00","598.61","DOMAIR","1","idollosa","2022-03-23T04:46:52.860Z","***DELIVER ON 3/30 BY 1700***"
"7050541","2D","20608","NATIONWIDE WHOLESALE VIDEO,  INC",20608,"WIXON","MI","48393",21403,"NATIONWIDE - EWR","60 METRO WAY","","SECAUCUS","NJ","US","07094","XAVIER UNIVERSITY CINTAS CENTER","1624 HERALD AVE.","VIDEO PRODUCTION","CINCINNATI","OH","US","45207","EWR","CVG","NEW","LGB17","588.0","267.0","693.0","314.5","750.00","598.61","DOMAIR","1","idollosa","2022-03-23T04:46:52.860Z","***DELIVER ON 3/30 BY 1700***"
"7050585","EC","20140","LOREN INDUSTRIES",20140,"WHITTIER","CA","90601",20140,"LOREN INDUSTRIES","12226 COAST DR","","WHITTIER","CA","US","90601","Global Sign Works","4222 N 39th","","Phoenix","AZ","US","85019","LAX","PHX","NEW","LGB05","1060.0","481.0","2005.0","909.5","1227.00","0.00","DOMAIR","1","glugliani","2022-03-23T09:06:57.910Z",
"7050583","EC","22071","ALACO LADDER COMPANY",22071,"CHINO","CA","91710",22071,"ALACO LADDER COMPANY","5167 G STREET","","CHINO","CA","US","91710","","","","DEEPHAVEN","MN","US","55391","LAX","MSP","$$$","LGB05","89.0","40.5","240.0","109.0","547.00","0.00","DOMAIR","1","glugliani","2022-03-23T08:53:11.383Z","** residence ** "
"7050583","EC","22071","ALACO LADDER COMPANY",22071,"CHINO","CA","91710",22071,"ALACO LADDER COMPANY","5167 G STREET","","CHINO","CA","US","91710","","","","DEEPHAVEN","MN","US","55391","LAX","MSP","$$$","LGB05","89.0","40.5","240.0","109.0","547.00","0.00","DOMAIR","1","glugliani","2022-03-23T08:53:11.383Z","** residence ** "
"7050557","AI","19409","SPACEX",19409,"HAWTHORNE","CA","90245",0,"KUNSHAN ESON PRECISION ENGINEERING CO.,LTD.","NO.88 YUANFENG RD. KUNSHAN CITY","","JIANGSU","","CN","","SPACEX","3901 JACK NORTHROP AVE","","El Porto","CA","US","90245","PVG","LAX","$$$","LAX17","5538.0","2511.5","8231.0","3734.0","48501.58","36182.46","AIRIMPORT","12","plabio","2022-03-23T06:06:12.173Z",
"7050546","O8","19409","SPACEX",19409,"HAWTHORNE","CA","90245",21581,"KUNSHAN ESON PRECISION ENGINEERING","NO. 88 YUANFENG RD.","KUNSHAN CITY","KUNSHAN","","CN","","SPACEX","1 ROCKET RD","","VANCOUVER","","CA","90245","57035","12493","$$$","LAX17","22046.0","10000.0","22046.0","10000.0","12350.00","10460.00","OCEANIMPORT","1","omilla","2022-03-23T05:04:14.980Z","DOOR TO PORT - CALLING DELTAPORT TERMINAL IN VANCOUVER, CANADA

APPLICABLE FOR INV#s BESS11220315 & BESS11220316"
"7050576","EC","2372","WARNER BROS CORP. LOGISTICS & TRAFFIC",2372,"BURBANK","CA","91522",0,"","","","Burbank","CA","US","91522","","","","Norcross","GA","US","30071","LAX","ATL","NEW","SFO03","300.0","136.5","713.0","323.5","718.00","459.00","DOMAIR","1","evillalobo","2022-03-23T08:35:59.720Z",
"7050553","EC","20574","JBI,  LLC",20574,"LONG BEACH","CA","90810",21275,"JBI","18502 S LAUREL PARK RD","GATE CODE 0562","COMPTON","CA","US","90220","Lakeside Builders","14670 Hwy 205","M/F SBUX 67352","Terrell","TX","US","75160","LAX","DFW","$$$","LAX17","440.0","200.0","440.0","200.0","484.33","296.94","DOMAIR","1","dloarca","2022-03-23T05:48:27.363Z","deliver on 3/25
liftgate and inside required
please contact onsite to plan accordingly "
"7050553","EC","20574","JBI,  LLC",20574,"LONG BEACH","CA","90810",21275,"JBI","18502 S LAUREL PARK RD","GATE CODE 0562","COMPTON","CA","US","90220","Lakeside Builders","14670 Hwy 205","M/F SBUX 67352","Terrell","TX","US","75160","LAX","DFW","$$$","LAX17","440.0","200.0","440.0","200.0","484.33","296.94","DOMAIR","1","dloarca","2022-03-23T05:48:27.363Z","deliver on 3/25
liftgate and inside required
please contact onsite to plan accordingly "
"7050596","EC","19540","CANON MEDICAL SYSTEMS USA INC",19540,"TUSTIN","CA","92780",19539,"CANON MEDICAL SYSTEMS USA INC","1475 MAGNOLIA AVE","BUILD D","CORONA","CA","US","92882","NASHVILLE GENERAL HOSPITAL AT MEHARRY","1818 ALBION ST","","Nashville","TN","US","37208","LAX","BNA","NEW","LGB17","320.0","145.5","420.0","190.5","968.91","594.15","DOMAIR","2","kangeles","2022-03-23T11:05:34.417Z","***MUST DELIVER WEDNESDAY 3/30 BY 11AM*** ***LIFTGATE / PALLET JACK / INSIDE / UNPACK / DEBRIS REMOVAL*** ***MUST CALL PRIOR DELIVERY TO MAKE SURE THE TECH MEETS THE DRIVER-- NO EXCEPTIONS***"
"7050603","ND","20140","LOREN INDUSTRIES",20140,"WHITTIER","CA","90601",20140,"LOREN INDUSTRIES","12226 COAST DR","","WHITTIER","CA","US","90601","Sign of Light","3307 Swetzer Rd","","Loomis","CA","US","95650","LAX","SMF","NEW","LGB05","120.0","54.5","193.0","87.5","447.00","0.00","DOMAIR","1","glugliani","2022-03-23T11:59:41.530Z","MUST DELIVER 3/25 between 7 a.m. and 3 p.m.

 "
"7050560","EC","20533","IVOCLAR VIVADENT INC",20533,"AMHERST","NY","14228",20533,"IVOCLAR VIVADENT INC","175 PINEVIEW DRIVE","","AMHERST","NY","US","14228","Dr. Bell and Associates PC","1545 Creek Dr","","Morris","IL","US","60450","BUF","ORD","$$$","LGB17","107.0","48.5","156.0","71.0","475.65","355.06","DOMAIR","1","kangeles","2022-03-23T06:30:31.400Z","***LIFTGATE / PALLET JACK / INSIDE***"
"7050596","EC","19540","CANON MEDICAL SYSTEMS USA INC",19540,"TUSTIN","CA","92780",19539,"CANON MEDICAL SYSTEMS USA INC","1475 MAGNOLIA AVE","BUILD D","CORONA","CA","US","92882","NASHVILLE GENERAL HOSPITAL AT MEHARRY","1818 ALBION ST","","Nashville","TN","US","37208","LAX","BNA","NEW","LGB17","320.0","145.5","420.0","190.5","968.91","594.15","DOMAIR","2","kangeles","2022-03-23T11:05:34.417Z","***MUST DELIVER WEDNESDAY 3/30 BY 11AM*** ***LIFTGATE / PALLET JACK / INSIDE / UNPACK / DEBRIS REMOVAL*** ***MUST CALL PRIOR DELIVERY TO MAKE SURE THE TECH MEETS THE DRIVER-- NO EXCEPTIONS***"
"7050603","ND","20140","LOREN INDUSTRIES",20140,"WHITTIER","CA","90601",20140,"LOREN INDUSTRIES","12226 COAST DR","","WHITTIER","CA","US","90601","Sign of Light","3307 Swetzer Rd","","Loomis","CA","US","95650","LAX","SMF","NEW","LGB05","120.0","54.5","193.0","87.5","447.00","0.00","DOMAIR","1","glugliani","2022-03-23T11:59:41.530Z","MUST DELIVER 3/25 between 7 a.m. and 3 p.m.

 "
"7050562","O3","2468","GENERAL TECHNOLOGIES, INC.",2468,"STAFFORD","TX","77477",2468,"GENERAL TECHNOLOGIES, INC.","13022 TRINITY DR.","","STAFFORD","TX","US","77477","","","","MONTEVIDEO","","UY","","5301","35525","NQU","IAH09","0.0","0.0","0.0","0.0","3352.50","0.00","OCEANEXPORT","1","senglish","2022-03-23T07:08:19.933Z","QUOTED BASED ON 1X40''HC 
QUOTE BASED ON DROP AND PICK DRAYAGE 
($150.00 DROP FEE INCLUDED IN RATE ABOVE) 
QUOTE SUBJECT TO SPACE & EQUIPMENT AVAILABILITY 
QUOTE SUBJECT TO CHASSIS FEE OF $45.00 PER CNTR PER DAY MIN 2 DAYS 
QUOTE VALID UNTIL 6/30/22 
THANK YOU FOR THE OPPORTUNITY TO QUOTE ON THIS BUISNESS"
"7050560","EC","20533","IVOCLAR VIVADENT INC",20533,"AMHERST","NY","14228",20533,"IVOCLAR VIVADENT INC","175 PINEVIEW DRIVE","","AMHERST","NY","US","14228","Dr. Bell and Associates PC","1545 Creek Dr","","Morris","IL","US","60450","BUF","ORD","$$$","LGB17","107.0","48.5","156.0","71.0","475.65","355.06","DOMAIR","1","kangeles","2022-03-23T06:30:31.400Z","***LIFTGATE / PALLET JACK / INSIDE***"
"7050560","EC","20533","IVOCLAR VIVADENT INC",20533,"AMHERST","NY","14228",20533,"IVOCLAR VIVADENT INC","175 PINEVIEW DRIVE","","AMHERST","NY","US","14228","Dr. Bell and Associates PC","1545 Creek Dr","","Morris","IL","US","60450","BUF","ORD","$$$","LGB17","107.0","48.5","156.0","71.0","475.65","355.06","DOMAIR","1","kangeles","2022-03-23T06:30:31.400Z","***LIFTGATE / PALLET JACK / INSIDE***"
"7050596","EC","19540","CANON MEDICAL SYSTEMS USA INC",19540,"TUSTIN","CA","92780",19539,"CANON MEDICAL SYSTEMS USA INC","1475 MAGNOLIA AVE","BUILD D","CORONA","CA","US","92882","NASHVILLE GENERAL HOSPITAL AT MEHARRY","1818 ALBION ST","","Nashville","TN","US","37208","LAX","BNA","NEW","LGB17","320.0","145.5","420.0","190.5","968.91","594.15","DOMAIR","2","kangeles","2022-03-23T11:05:34.417Z","***MUST DELIVER WEDNESDAY 3/30 BY 11AM*** ***LIFTGATE / PALLET JACK / INSIDE / UNPACK / DEBRIS REMOVAL*** ***MUST CALL PRIOR DELIVERY TO MAKE SURE THE TECH MEETS THE DRIVER-- NO EXCEPTIONS***"
"7050581","2D","20608","NATIONWIDE WHOLESALE VIDEO,  INC",20608,"WIXON","MI","48393",0,"Double Greenway Plaza Hotel","6 Greenway","","Clutch City","TX","US","77046","NATIONWIDE - DFW","2010 CENTURY CENTER SUITE 24","","IRVING","TX","US","75062","IAH","DFW","$$$","LGB17","460.0","209.0","460.0","209.0","335.00","64.63","DOMAIR","4","bromero","2022-03-23T08:51:43.513Z","**MUST PICKUP @ 5PM SHARP**"
"7050581","2D","20608","NATIONWIDE WHOLESALE VIDEO,  INC",20608,"WIXON","MI","48393",0,"Double Greenway Plaza Hotel","6 Greenway","","Clutch City","TX","US","77046","NATIONWIDE - DFW","2010 CENTURY CENTER SUITE 24","","IRVING","TX","US","75062","IAH","DFW","$$$","LGB17","460.0","209.0","460.0","209.0","335.00","64.63","DOMAIR","4","bromero","2022-03-23T08:51:43.513Z","**MUST DELIVER 3/29 BY 1PM**"
"7050581","2D","20608","NATIONWIDE WHOLESALE VIDEO,  INC",20608,"WIXON","MI","48393",0,"Double Greenway Plaza Hotel","6 Greenway","","Clutch City","TX","US","77046","NATIONWIDE - DFW","2010 CENTURY CENTER SUITE 24","","IRVING","TX","US","75062","IAH","DFW","$$$","LGB17","460.0","209.0","460.0","209.0","335.00","64.63","DOMAIR","4","bromero","2022-03-23T08:51:43.513Z","**MUST DELIVER 3/29 BY 1PM**"
"7050591","EC","20259","MISSION CRITICAL COMPOSITES",20259,"HUNTINGTON BEACH","CA","92649",0,"","","","Costa Mesa","CA","US","92626","","","","New Gretna","NJ","US","08224","LAX","PHL","$$$","LGB03","508.0","230.5","508.0","230.5","577.00","0.00","DOMAIR","1","glugliani","2022-03-23T10:12:59.257Z",
"7050537","2D","20608","NATIONWIDE WHOLESALE VIDEO,  INC",20608,"WIXON","MI","48393",21403,"NATIONWIDE - EWR","60 METRO WAY","","Secaucus","NJ","US","07094","HYATT REGENCY BOSTON DOWNTOWN","1 AVE DE LAFAYETTE","","BOSTON","MA","US","02116","EWR","BOS","NEW","LGB17","240.0","109.0","357.0","162.0","525.00","393.73","DOMAIR","1","idollosa","2022-03-23T04:17:46.793Z","***DELIVER ON 3/28 AT 0700 SHARP***"
"7050572","FT","9606","CISCO SYSTEMS - ELP",9512,"EL PASO","TX","79906",0,"CINCINNATI SUB ZERO PRODUCTS","12011 MOSTELLER ROAD","","CINCINNATI","OH","US","45241","CISCO/LUXTERA, INC.","2320 CAMINO VIDA ROBLE STE 100","","CARLSBAD","CA","US","92011","CVG","SAN","NEW","ELP03","1730.0","785.0","2084.0","945.5","5800.00","5300.00","DOMAIR","1","jreimer","2022-03-23T08:30:47.687Z","CONF. NOTE"
"7050586","EC","20256","EMBED DIGITAL",20256,"COSTA MESA","CA","92626",0,"EMBED DIGITAL","215 E BAKER ST","","COSTA MESA","CA","US","92626","Dracut House of Pizza & Seafood","1067 Lakeview Ave","","Dracut","MA","US","01826","LAX","BOS","$$$","LGB07","300.0","136.1","594.0","269.5","725.00","0.00","DOMAIR","1","brandon","2022-03-23T09:47:42.000Z","pallet jack delivery"
"7050537","2D","20608","NATIONWIDE WHOLESALE VIDEO,  INC",20608,"WIXON","MI","48393",21403,"NATIONWIDE - EWR","60 METRO WAY","","Secaucus","NJ","US","07094","HYATT REGENCY BOSTON DOWNTOWN","1 AVE DE LAFAYETTE","","BOSTON","MA","US","02116","EWR","BOS","NEW","LGB17","240.0","109.0","357.0","162.0","525.00","393.73","DOMAIR","1","idollosa","2022-03-23T04:17:46.793Z","***DELIVER ON 3/28 AT 0700 SHARP***"
"7050572","FT","9606","CISCO SYSTEMS - ELP",9512,"EL PASO","TX","79906",0,"CINCINNATI SUB ZERO PRODUCTS","12011 MOSTELLER ROAD","","CINCINNATI","OH","US","45241","CISCO/LUXTERA, INC.","2320 CAMINO VIDA ROBLE STE 100","","CARLSBAD","CA","US","92011","CVG","SAN","NEW","ELP03","1730.0","785.0","2084.0","945.5","5800.00","5300.00","DOMAIR","1","jreimer","2022-03-23T08:30:47.687Z","Cisco Systems Mfg. Account Code: CISCOSYS"
"7050609","EC","20834","TRAMO @ HOME LA INC",20834,"CARSON","CA","90745",20834,"TRAMO @ HOME LA INC","24640 S MAIN ST.","","CARSON","CA","US","90745","Residence","6695 Regency Stone Way","","Las Vegas","NV","US","89148","LAX","LAS","NEW","LGB02","575.0","261.0","733.0","332.5","594.00","0.00","DOMAIR","1","glugliani","2022-03-23T13:20:23.193Z","** RESIDENCE** LIFTGATE**INSIDE**DEBRIS REMOVAL"
"7050569","ND","20608","NATIONWIDE WHOLESALE VIDEO,  INC",20608,"WIXON","MI","48393",0,"Nationwide - LAX","17071 Murphy Ave","","Irvine","CA","US","92614","Laurel Canyon Stage","9337 Laurel Canyon Blvd","","Los Angeles","CA","US","91331","LAX","LAX","$$$","LGB17","216.0","98.0","219.0","99.5","185.08","62.97","DOMAIR","1","atalley","2022-03-23T08:04:33.287Z","DELIVER 3/25/2022 AT 9AM SHARP"
"7050609","EC","20834","TRAMO @ HOME LA INC",20834,"CARSON","CA","90745",20834,"TRAMO @ HOME LA INC","24640 S MAIN ST.","","CARSON","CA","US","90745","Residence","6695 Regency Stone Way","","Las Vegas","NV","US","89148","LAX","LAS","NEW","LGB02","575.0","261.0","733.0","332.5","594.00","0.00","DOMAIR","1","glugliani","2022-03-23T13:20:23.193Z","** RESIDENCE** LIFTGATE**INSIDE**DEBRIS REMOVAL"
"7050569","ND","20608","NATIONWIDE WHOLESALE VIDEO,  INC",20608,"WIXON","MI","48393",0,"Nationwide - LAX","17071 Murphy Ave","","Irvine","CA","US","92614","Laurel Canyon Stage","9337 Laurel Canyon Blvd","","Los Angeles","CA","US","91331","LAX","LAX","$$$","LGB17","216.0","98.0","219.0","99.5","185.08","62.97","DOMAIR","1","atalley","2022-03-23T08:04:33.287Z","DELIVER 3/25/2022 AT 9AM SHARP"
"7050558","EC","18750","HARBOR FREIGHT TOOLS",18750,"CALABASAS","CA","91302",0,"Harbor Freight Tools","900 North 5th St, Ste 10","","LEESVILLE","LA","US","71446","Harbor Freight Tools #30","61303 S. HIGHWAY 97, SUITE 100","","Bend","OR","US","97702","SHV","PDX","$$$","LAX17","340.0","154.5","446.0","202.5",,,"DOMAIR","1","kangeles","2022-03-23T06:16:25.953Z",
"7050544","EC","20533","IVOCLAR VIVADENT INC",20533,"AMHERST","NY","14228",20533,"IVOCLAR VIVADENT INC","175 PINEVIEW DRIVE","","AMHERST","NY","US","14228","Cherry Hill Dental","220 Diego Dr","","Columbia","MO","US","65203","BUF","STL","$$$","LGB17","94.0","43.0","136.0","62.0","295.00","180.19","DOMAIR","1","dloarca","2022-03-23T04:59:36.910Z","pallet jack // liftgate 

Q032322.33"
"7050544","EC","20533","IVOCLAR VIVADENT INC",20533,"AMHERST","NY","14228",20533,"IVOCLAR VIVADENT INC","175 PINEVIEW DRIVE","","AMHERST","NY","US","14228","Cherry Hill Dental","220 Diego Dr","","Columbia","MO","US","65203","BUF","STL","$$$","LGB17","94.0","43.0","136.0","62.0","295.00","180.19","DOMAIR","1","dloarca","2022-03-23T04:59:36.910Z","pallet jack // liftgate "
"7050559","EC","20563","ESL POWER SYSTEMS INC",20563,"CORONA","CA","92880",20563,"ESL POWER SYSTEMS INC","2800 PALISADES DRIVE","","CORONA","CA","US","92880","","","","Orlando","FL","US","32808","LAX","MCO","$$$","LGB07","370.0","168.0","370.0","168.0","349.74","0.00","DOMAIR","1","atalley","2022-03-23T06:18:53.697Z",
"7050549","2D","20608","NATIONWIDE WHOLESALE VIDEO,  INC",20608,"WIXON","MI","48393",0,"Central Lighting","4103 East 16th Street","","Des Moines","IA","US","50313","NATIONWIDE - DTW","28455 AUTOMATION BLVD","","WIXOM","MI","US","48393","DSM","DTW","NEW","LGB17","265.0","120.5","265.0","120.5","366.48","0.00","DOMAIR","3","kangeles","2022-03-23T05:26:55.443Z","***MUST PICK UP FRIDAY 3/25 BETWEEN 12NOON AND 1700***"
"7050549","2D","20608","NATIONWIDE WHOLESALE VIDEO,  INC",20608,"WIXON","MI","48393",0,"Central Lighting","4103 East 16th Street","","Des Moines","IA","US","50313","NATIONWIDE - DTW","28455 AUTOMATION BLVD","","WIXOM","MI","US","48393","DSM","DTW","NEW","LGB17","265.0","120.5","265.0","120.5","366.48","0.00","DOMAIR","3","kangeles","2022-03-23T05:26:55.443Z","***MUST DELIVER TUESDAY 3/29 BY 1300***"
"7050602","EC","18552","DSA SIGNAGE",18552,"CARSON","CA","90746",18552,"DSA SIGNAGE","16961 CENTRAL AVE","","CARSON","CA","US","90746","","1400 S Lake Shore Dr","","Chicago","IL","US","60605","LAX","ORD","$$$","LGB07","875.0","397.0","875.0","397.0","801.62","0.00","DOMAIR","1","atalley","2022-03-23T11:44:41.023Z","LIFT GATE REQUIRED. APPOINTMENT (CALL CONSIGNEE TO SCHEDULE DELIVERY)."
"7050582","EC","20533","IVOCLAR VIVADENT INC",20533,"AMHERST","NY","14228",20533,"IVOCLAR VIVADENT INC","175 PINEVIEW DRIVE","","AMHERST","NY","US","14228","DODAAC:  WT4J8S","DLA Troop Support XDock Proj West","4551 East Philadelphia Street","Ontario","CA","US","91761","BUF","LAX","$$$","LGB17","93.0","42.5","136.0","62.0","369.44","0.00","DOMAIR","1","kangeles","2022-03-23T08:51:11.843Z","***PALLET JACK REQUIRED***"
"7050582","EC","20533","IVOCLAR VIVADENT INC",20533,"AMHERST","NY","14228",20533,"IVOCLAR VIVADENT INC","175 PINEVIEW DRIVE","","AMHERST","NY","US","14228","DODAAC:  WT4J8S","DLA Troop Support XDock Proj West","4551 East Philadelphia Street","Ontario","CA","US","91761","BUF","LAX","$$$","LGB17","93.0","42.5","136.0","62.0","369.44","0.00","DOMAIR","1","kangeles","2022-03-23T08:51:11.843Z","***PALLET JACK REQUIRED***"
"7050582","EC","20533","IVOCLAR VIVADENT INC",20533,"AMHERST","NY","14228",20533,"IVOCLAR VIVADENT INC","175 PINEVIEW DRIVE","","AMHERST","NY","US","14228","DODAAC:  WT4J8S","DLA Troop Support XDock Proj West","4551 East Philadelphia Street","Ontario","CA","US","91761","BUF","LAX","$$$","LGB17","93.0","42.5","136.0","62.0","369.44","0.00","DOMAIR","1","kangeles","2022-03-23T08:51:11.843Z","***PALLET JACK REQUIRED***"
"7050549","2D","20608","NATIONWIDE WHOLESALE VIDEO,  INC",20608,"WIXON","MI","48393",0,"Central Lighting","4103 East 16th Street","","Des Moines","IA","US","50313","NATIONWIDE - DTW","28455 AUTOMATION BLVD","","WIXOM","MI","US","48393","DSM","DTW","NEW","LGB17","265.0","120.5","265.0","120.5","366.48","0.00","DOMAIR","3","kangeles","2022-03-23T05:26:55.443Z","***MUST DELIVER TUESDAY 3/29 BY 1300***"
"7050602","EC","18552","DSA SIGNAGE",18552,"CARSON","CA","90746",18552,"DSA SIGNAGE","16961 CENTRAL AVE","","CARSON","CA","US","90746","","1400 S Lake Shore Dr","","Chicago","IL","US","60605","LAX","ORD","$$$","LGB07","875.0","397.0","875.0","397.0","801.62","0.00","DOMAIR","1","atalley","2022-03-23T11:44:41.023Z","LIFT GATE REQUIRED. APPOINTMENT (CALL CONSIGNEE TO SCHEDULE DELIVERY)."
"7050574","EC","22071","ALACO LADDER COMPANY",22071,"CHINO","CA","91710",22071,"ALACO LADDER COMPANY","5167 G STREET","","CHINO","CA","US","91710","","","","Enumclaw","WA","US","98022","LAX","SEA","$$$","LGB05","170.0","77.5","577.0","262.0","763.00","0.00","DOMAIR","2","glugliani","2022-03-23T08:37:56.440Z",
"7050552","EC","20574","JBI,  LLC",20574,"LONG BEACH","CA","90810",21275,"JBI","18502 S LAUREL PARK RD","GATE CODE 0562","COMPTON","CA","US","90220","Sullivan Moving & Storage","1439 S 40th Ave Ste 200A","M/F SBUX #25584 Glendale, AZ","Phoenix","AZ","US","85009","LAX","PHX","$$$","LAX17","273.0","124.0","563.0","255.5",,,"DOMAIR","1","dloarca","2022-03-23T05:46:12.850Z","deliver on 3/25
liftgate and inside required
please contact onsite to plan accordingly "
"7050552","EC","20574","JBI,  LLC",20574,"LONG BEACH","CA","90810",21275,"JBI","18502 S LAUREL PARK RD","GATE CODE 0562","COMPTON","CA","US","90220","Sullivan Moving & Storage","1439 S 40th Ave Ste 200A","M/F SBUX #25584 Glendale, AZ","Phoenix","AZ","US","85009","LAX","PHX","$$$","LAX17","273.0","124.0","563.0","255.5",,,"DOMAIR","1","dloarca","2022-03-23T05:46:12.850Z","deliver on 3/25
liftgate and inside required
please contact onsite to plan accordingly "
"7050594","2D","20479","JIUN HO INC",20479,"SAN FRANCISCO","CA","94103",20479,"JIUN HO INC","1180 FOLSOM ST","","SAN FRANCISCO","CA","US","94103","BEVERLY PACKING","9072 ROSECRANS AVE","","Bellflower","CA","US","90706","SFO","LAX","NEW","LGB05","577.0","262.0","595.0","270.0",,,"DOMAIR","1","atalley","2022-03-23T10:51:35.160Z",
"7050564","EC","2430","CHRISTIE DIGITAL (CA)",2430,"CYPRESS","CA","90630",0,"","","","Riverside","CA","US","92507","","","","Hillsboro","OR","US","97124","LAX","PDX","NEW","LAX06","180.0","82.0","180.0","82.0","0.00","156.06","DOMAIR","1","dahall","2022-03-23T07:40:03.453Z",
"7050536","2D","21028","TISERA,  INC.",21028,"GARDENA","CA","90248",21028,"TISERA,  INC.","14710 S. MAPLE AVE.","","GARDENA","CA","US","90248","","","","San Francisco","CA","US","94123","LAX","SFO","$$$","LGB03","140.0","63.5","186.0","84.5","258.04","0.00","DOMAIR","1","atalley","2022-03-23T04:02:51.910Z","RESIDENTIAL DELIVERY. LIFT GATE REQUIRED."
"7050536","2D","21028","TISERA,  INC.",21028,"GARDENA","CA","90248",21028,"TISERA,  INC.","14710 S. MAPLE AVE.","","GARDENA","CA","US","90248","","","","San Francisco","CA","US","94123","LAX","SFO","$$$","LGB03","140.0","63.5","186.0","84.5","258.04","0.00","DOMAIR","1","atalley","2022-03-23T04:02:51.910Z","RESIDENTIAL DELIVERY. LIFT GATE REQUIRED."
"7050547","2D","20608","NATIONWIDE WHOLESALE VIDEO,  INC",20608,"WIXON","MI","48393",19091,"NATIONWIDE - DTW","28455 AUTOMATION BLVD","","WIXOM","MI","US","48393","LIVE TECHNOLOGIES - COLUMBUS","3445 MILLENNIUM COURT","","COLUMBUS/CMH","OH","US","43219","DTW","CMH","NEW","LGB17","448.0","203.5","760.0","345.0","374.73","277.43","DOMAIR","1","idollosa","2022-03-23T05:13:32.720Z","***DELIVER ON 3/31 BY 1700***"
"7050547","2D","20608","NATIONWIDE WHOLESALE VIDEO,  INC",20608,"WIXON","MI","48393",19091,"NATIONWIDE - DTW","28455 AUTOMATION BLVD","","WIXOM","MI","US","48393","LIVE TECHNOLOGIES - COLUMBUS","3445 MILLENNIUM COURT","","COLUMBUS/CMH","OH","US","43219","DTW","CMH","NEW","LGB17","448.0","203.5","760.0","345.0","374.73","277.43","DOMAIR","1","idollosa","2022-03-23T05:13:32.720Z","***DELIVER ON 3/31 BY 1700***"
"7050555","EC","21592","JMA NORTH AMERICA LLC DBA JMATEK LLC",21592,"KWUN TO","","",0,"ADVANCED DISTRIBUTION SYSTEMS, INC JMA","615 ROUTE 303","","Blauvelt","NY","US","10913","SEKO LOGISTICS C/O ENERGY FEDERATION INC","302 EAGLE LANDING PARKWAY","","Stockbridge","GA","US","30281","JFK","ATL","NEW","LAX03","2594.0","1177.0","2594.0","1177.0","1400.00","1037.37","DOMAIR","2","jmamea","2022-03-23T05:54:59.343Z","send email invoices to BOTH:  l.lemos@jmatek.com and  invoices@jmatek.com"
"7050578","2D","20385","SAFRAN C/O MAG AEROSPACE INDUSTRIES",20385,"CARSON","CA","90746",21207,"AIRTECH INTERNTIONAL","6377 KIMBALL AVE","","CHINO","CA","US","91708","RIO BRAVO INDUSTRIES","12035 ROJAS DR. SUITE F","","EL PASO","TX","US","79936","LAX","ELP","$$$","LGB07","694.0","315.0","694.0","315.0",,,"DOMAIR","1","kangeles","2022-03-23T08:42:52.880Z",
"7050539","AI","19409","SPACEX",19409,"HAWTHORNE","CA","90245",0,"KUNSHAN ESON PRECISION ENGINEERING CO.,LTD.","KUNSHAN ESON PRECISION ENGINEERING CO.,LTD.","","JIANGSU","","CN","","SPACEX","3901 JACK NORTHROP AVE","","HAWTHORNE","CA","US","90245","PVG","LAX","$$$","LAX17","4612.0","2091.0","8145.0","3695.5","48010.16","35809.39","AIRIMPORT","12","plabio","2022-03-23T04:39:01.330Z",
"7050543","2D","20608","NATIONWIDE WHOLESALE VIDEO,  INC",20608,"WIXON","MI","48393",19091,"NATIONWIDE - DTW","28455 AUTOMATION BLVD","","WIXOM","MI","US","48393","XAVIER UNIVERSITY CINTAS CENTER","1624 HERALD AVE.","VIDEO PRODUCTION","CINCINNATI","OH","US","45207","DTW","CVG","NEW","LGB17","618.0","280.5","744.0","337.5","520.12","334.49","DOMAIR","1","idollosa","2022-03-23T04:58:23.173Z","***DELIVER on 3/30 BY 1700***"
"7050598","EC","21033","CASPER SLEEP INC",21033,"NEW YORK","NY","10007",0,"GEODIS Riverside","1580 Eastridge Ave.","","Riverside","CA","US","92507","SIT 'N SLEEP CORPORATE DC","14300 S. MAIN ST.","","Gardena","CA","US","90248","LAX","LAX","$$$","LAX17","1385.0","628.5","4751.0","2155.5",,,"DOMAIR","4","kangeles","2022-03-23T11:19:47.920Z","***MUST PICK UP FRIDAY 3/25***"
"7050584","EC","22071","ALACO LADDER COMPANY",22071,"CHINO","CA","91710",22071,"ALACO LADDER COMPANY","5167 G STREET","","CHINO","CA","US","91710","","","","bellevue","WA","US","98004","LAX","SEA","$$$","LGB05","340.0","154.5","613.0","278.5","599.00","0.00","DOMAIR","1","glugliani","2022-03-23T09:00:32.110Z","** GOVERNMENT FACILITY ** "
"7050584","EC","22071","ALACO LADDER COMPANY",22071,"CHINO","CA","91710",22071,"ALACO LADDER COMPANY","5167 G STREET","","CHINO","CA","US","91710","","","","bellevue","WA","US","98004","LAX","SEA","$$$","LGB05","340.0","154.5","613.0","278.5","599.00","0.00","DOMAIR","1","glugliani","2022-03-23T09:00:32.110Z","** GOVERNMENT FACILITY ** "
"7050543","2D","20608","NATIONWIDE WHOLESALE VIDEO,  INC",20608,"WIXON","MI","48393",19091,"NATIONWIDE - DTW","28455 AUTOMATION BLVD","","WIXOM","MI","US","48393","XAVIER UNIVERSITY CINTAS CENTER","1624 HERALD AVE.","VIDEO PRODUCTION","CINCINNATI","OH","US","45207","DTW","CVG","NEW","LGB17","618.0","280.5","744.0","337.5","520.12","334.49","DOMAIR","1","idollosa","2022-03-23T04:58:23.173Z","***DELIVER on 3/30 BY 1700***"
"7050542","2D","20608","NATIONWIDE WHOLESALE VIDEO,  INC",20608,"WIXON","MI","48393",0,"Barco, Inc","11080 White Rock Road","Suite 100","Rancho Cordova","CA","US","95670","Nationwide - LAX","17071 Murphy Ave.","","Irvine","CA","US","92614","SMF","LAX","NEW","LGB17","218.0","99.0","218.0","99.0","448.60","0.00","DOMAIR","1","kangeles","2022-03-23T04:53:15.520Z","***MUST PICK UP FRIDAY 3/25 BETWEEN 12NOON AND 1700***"
"7050542","2D","20608","NATIONWIDE WHOLESALE VIDEO,  INC",20608,"WIXON","MI","48393",0,"Barco, Inc","11080 White Rock Road","Suite 100","Rancho Cordova","CA","US","95670","Nationwide - LAX","17071 Murphy Ave.","","Irvine","CA","US","92614","SMF","LAX","NEW","LGB17","218.0","99.0","218.0","99.0","448.60","0.00","DOMAIR","1","kangeles","2022-03-23T04:53:15.520Z","***MUST DELIVER TUESDAY 3/29 BY 1300***"
"7050542","2D","20608","NATIONWIDE WHOLESALE VIDEO,  INC",20608,"WIXON","MI","48393",0,"Barco, Inc","11080 White Rock Road","Suite 100","Rancho Cordova","CA","US","95670","Nationwide - LAX","17071 Murphy Ave.","","Irvine","CA","US","92614","SMF","LAX","NEW","LGB17","218.0","99.0","218.0","99.0","448.60","0.00","DOMAIR","1","kangeles","2022-03-23T04:53:15.520Z","***MUST DELIVER TUESDAY 3/29 BY 1300***"
"7050542","2D","20608","NATIONWIDE WHOLESALE VIDEO,  INC",20608,"WIXON","MI","48393",0,"Barco, Inc","11080 White Rock Road","Suite 100","Rancho Cordova","CA","US","95670","Nationwide - LAX","17071 Murphy Ave.","","Irvine","CA","US","92614","SMF","LAX","NEW","LGB17","218.0","99.0","218.0","99.0","448.60","0.00","DOMAIR","1","kangeles","2022-03-23T04:53:15.520Z","***MUST DELIVER TUESDAY 3/29 BY 1300***"
"7050540","EC","17705","DECKERS OUTDOOR CORP",17705,"GOLETA","CA","93117",0,"REALLY RIGHT ON LLC","5030 SHAFTO ROAD, DOCK 6","","TINTON FALLS","NJ","US","07712","DECKERS BRANDS","17791 N PERRIS BLVD","","MORENO VALLEY","CA","US","92551","EWR","LAX","$$$","LAX17","331.0","150.5","487.0","221.0",,,"DOMAIR","1","kangeles","2022-03-23T04:41:29.490Z",
"7050554","ND","20574","JBI,  LLC",20574,"LONG BEACH","CA","90810",21275,"JBI","18502 S LAUREL PARK RD","GATE CODE 0562","COMPTON","CA","US","90220","Excel Construction","1950 Raymer Avenue","M/F SBUX #24168 Santa Fe Springs, CA","Fullerton","CA","US","92833","LAX","LAX","$$$","LAX17","399.0","181.5","761.0","345.5","307.73","0.00","DOMAIR","2","kangeles","2022-03-23T05:51:35.340Z","***MUST DELIVER THURSDAY 3/24*** ***LIFTGATE DELIVERY REQUIRED*** INSIDE DELIVERY*** ***MUST CALL POC 24HRS PRIOR TO DELIVERY TO PLAN ACCORDINGLY TO CONFIRM STORE HOURS -- NO EXCEPTIONS***"
"7050554","ND","20574","JBI,  LLC",20574,"LONG BEACH","CA","90810",21275,"JBI","18502 S LAUREL PARK RD","GATE CODE 0562","COMPTON","CA","US","90220","Excel Construction","1950 Raymer Avenue","M/F SBUX #24168 Santa Fe Springs, CA","Fullerton","CA","US","92833","LAX","LAX","$$$","LAX17","399.0","181.5","761.0","345.5","307.73","0.00","DOMAIR","2","kangeles","2022-03-23T05:51:35.340Z","***MUST DELIVER THURSDAY 3/24*** ***LIFTGATE DELIVERY REQUIRED*** INSIDE DELIVERY*** ***MUST CALL POC 24HRS PRIOR TO DELIVERY TO PLAN ACCORDINGLY TO CONFIRM STORE HOURS -- NO EXCEPTIONS***"
"7050554","ND","20574","JBI,  LLC",20574,"LONG BEACH","CA","90810",21275,"JBI","18502 S LAUREL PARK RD","GATE CODE 0562","COMPTON","CA","US","90220","Excel Construction","1950 Raymer Avenue","M/F SBUX #24168 Santa Fe Springs, CA","Fullerton","CA","US","92833","LAX","LAX","$$$","LAX17","399.0","181.5","761.0","345.5","307.73","0.00","DOMAIR","2","kangeles","2022-03-23T05:51:35.340Z","***MUST DELIVER THURSDAY 3/24*** ***LIFTGATE DELIVERY REQUIRED*** INSIDE DELIVERY*** ***MUST CALL POC 24HRS PRIOR TO DELIVERY TO PLAN ACCORDINGLY TO CONFIRM STORE HOURS -- NO EXCEPTIONS***"
"7050556","EC","20387","LLOYDS MATERIAL SUPPLY COMPANY",20387,"POMONA","CA","91766",20387,"LLOYDS MATERIAL SUPPLY COMPANY","1462 E 9TH ST","","POMONA","CA","US","91766","KATHY SANTOS","1231 VIA LUCERO","","Oceanside","CA","CA","92056","LAX","SAN","$$$","LGB05","868.0","394.0","1398.0","634.5","1035.00","775.00","DOMAIR","1","imata","2022-03-23T06:03:53.880Z"," business to residential DELIVERY

"
"7050577","EC","2484","INSIGHT INVESTMENTS, LLC",2484,"COSTA MESA","CA","92626",0,"HONDA NETWORKING EQUIPMENT","2170 POINT BLVD","STE 100","Elgin","IL","US","60123","INSIGHT INVESTMENTS","7501 MERIDIAN PLACE NW SUITE B-3","","ALBUQUERQUE","NM","US","87121","ORD","ABQ","$$$","LAX03","150.0","68.0","396.0","180.0","1175.00","691.31","DOMAIR","1","elopez","2022-03-23T08:44:46.707Z","ALL ITEMS MUST BE INDIVIDUALLY BUBBLE-WRAPPED AND/OR PACKED INDIVIDUALLY."
"7050577","EC","2484","INSIGHT INVESTMENTS, LLC",2484,"COSTA MESA","CA","92626",0,"HONDA NETWORKING EQUIPMENT","2170 POINT BLVD","STE 100","Elgin","IL","US","60123","INSIGHT INVESTMENTS","7501 MERIDIAN PLACE NW SUITE B-3","","ALBUQUERQUE","NM","US","87121","ORD","ABQ","$$$","LAX03","150.0","68.0","396.0","180.0","1175.00","691.31","DOMAIR","1","elopez","2022-03-23T08:44:46.707Z","ALL ITEMS MUST BE INDIVIDUALLY BUBBLE-WRAPPED AND/OR PACKED INDIVIDUALLY."
"7050589","EC","19549","TRAMO @ HOME NY INC",19549,"BAYONNE","NJ","7002",0,"","","","Carson","CA","US","90745","","","","Tampa","FL","US","33602","LAX","TPA","NEW","LGB02","1060.0","481.5","2424.0","1100.0","1895.00","1043.26","DOMAIR","4","bromero","2022-03-23T09:56:50.497Z",
"7050535","EC","18301","BANNER PACKING",18301,"LOS ANGELES","CA","90048",18301,"BANNER PACKING","344 N. LA CIENEGA BLVD","","LOS ANGELES","CA","US","90048","","","","New York","NY","US","10075","LAX","JFK","NEW","LAX17","45.0","20.5","71.0","32.5","0.00","154.23","DOMAIR","1","eacosta","2022-03-23T03:41:25.313Z",
"7050587","EC","20966","YOGAPDX",20966,"PORTLAND","OR","97210",0,"FORWARD AIR PDX","CUSTOMER WILL DROP TO FA PDX","","Portland","OR","US","97201","FORWARD AIR CLT","CUSTOMER WILL BE PICKING UP FROM FA CLT","","CHARLOTTE/CLT","NC","US","28208","PDX","CLT","$$$","LGB03","121.0","55.0","241.0","109.5","195.40","0.00","DOMAIR","1","atalley","2022-03-23T09:48:23.590Z",
"7050608","EC","21462","DANSEREAU HEALTH PRODUCTS",21462,"CORONA","CA","92880",21462,"DANSEREAU HEALTH PRODUCTS","1581 COMMERCE ST","","CORONA","CA","US","92880","WILSON MARTINO DENTAL","930 W MAIN ST","DR ROBERT MARTINO","Bridgeport","WV","US","26330","LAX","PIT","NEW","LGB05","860.0","390.5","1403.0","636.5","2212.79","0.00","DOMAIR","3","atalley","2022-03-23T12:25:39.590Z","2 MAN, INSIDE DELIVERY, LIFT GATE. DELIVERY APPOINTMENT (CALL CONSIGNEE TO SCHEDULE DELIVERY)"
"7050608","EC","21462","DANSEREAU HEALTH PRODUCTS",21462,"CORONA","CA","92880",21462,"DANSEREAU HEALTH PRODUCTS","1581 COMMERCE ST","","CORONA","CA","US","92880","WILSON MARTINO DENTAL","930 W MAIN ST","DR ROBERT MARTINO","Bridgeport","WV","US","26330","LAX","PIT","NEW","LGB05","860.0","390.5","1403.0","636.5","2212.79","0.00","DOMAIR","3","atalley","2022-03-23T12:25:39.590Z","2 MAN, INSIDE DELIVERY, LIFT GATE. DELIVERY APPOINTMENT (CALL CONSIGNEE TO SCHEDULE DELIVERY)"
"7050563","EC","17705","DECKERS OUTDOOR CORP",17705,"GOLETA","CA","93117",21199,"DECKERS BRANDS","17791 N PERRIS BLVD","","MORENO VALLEY","CA","US","92551","ANTHROPOLOGIE INC","12055 Moya Blvd.","","Reno","NV","US","89506","LAX","RNO","$$$","LAX17","505.0","229.5","1188.0","539.0",,,"DOMAIR","2","kangeles","2022-03-23T07:12:16.017Z",
"7050561","EC","18301","BANNER PACKING",18301,"LOS ANGELES","CA","90048",18301,"BANNER PACKING","344 N. LA CIENEGA BLVD","","LOS ANGELES","CA","US","90048","Business","1871 King Street Ext.","","Charleston","SC","US","29405","LAX","CHS","NEW","LAX17","120.0","54.5","144.0","65.5","286.00","0.00","DOMAIR","1","joshernand","2022-03-23T06:54:02.993Z",
"7050600","EC","18552","DSA SIGNAGE",18552,"CARSON","CA","90746",18552,"DSA SIGNAGE","16961 CENTRAL AVE","","CARSON","CA","US","90746","","1400 S Lake Shore Dr","","Chicago","IL","US","60605","LAX","ORD","NEW","LGB07","875.0","397.0","875.0","397.0","801.62","0.00","DOMAIR","1","atalley","2022-03-23T11:37:18.383Z","LIFT GATE REQUIRED. APPOINTMENT REQUIRED (CALL CONSIGNEE TO SCHEDULE DELIVERY)"
"7050600","EC","18552","DSA SIGNAGE",18552,"CARSON","CA","90746",18552,"DSA SIGNAGE","16961 CENTRAL AVE","","CARSON","CA","US","90746","","1400 S Lake Shore Dr","","Chicago","IL","US","60605","LAX","ORD","NEW","LGB07","875.0","397.0","875.0","397.0","801.62","0.00","DOMAIR","1","atalley","2022-03-23T11:37:18.383Z","LIFT GATE REQUIRED. APPOINTMENT REQUIRED (CALL CONSIGNEE TO SCHEDULE DELIVERY)"
"7050571","EC","20385","SAFRAN C/O MAG AEROSPACE INDUSTRIES",20385,"CARSON","CA","90746",21207,"AIRTECH INTERNTIONAL","6377 KIMBALL AVE","","CHINO","CA","US","91708","RIO BRAVO INDUSTRIES","12035 ROJAS DR. SUITE F","","EL PASO","TX","US","79936","LAX","ELP","$$$","LGB07","570.0","259.0","570.0","259.0",,,"DOMAIR","1","kangeles","2022-03-23T08:25:52.947Z",
"7050575","2D","20385","SAFRAN C/O MAG AEROSPACE INDUSTRIES",20385,"CARSON","CA","90746",21207,"AIRTECH INTERNTIONAL","6377 KIMBALL AVE","","CHINO","CA","US","91708","RIO BRAVO INDUSTRIES","12035 ROJAS DR. SUITE F","","EL PASO","TX","US","79936","LAX","ELP","$$$","LGB07","30.0","14.0","30.0","14.0",,,"DOMAIR","1","kangeles","2022-03-23T08:31:14.417Z",
"7050593","EC","20834","TRAMO @ HOME LA INC",20834,"CARSON","CA","90745",20834,"TRAMO @ HOME LA INC","24640 S MAIN ST.","","CARSON","CA","US","90745","RESIDENCE","382 S. BEACH ROAD","","HOBE SOUND","FL","US","33455","LAX","MIA","NEW","LGB02","780.0","354.0","1001.0","454.0","1766.95","1196.74","DOMAIR","2","idollosa","2022-03-23T10:53:19.240Z","***INSIDE DELIVERY WITH DEBRIS REMOVAL***"
"7050593","EC","20834","TRAMO @ HOME LA INC",20834,"CARSON","CA","90745",20834,"TRAMO @ HOME LA INC","24640 S MAIN ST.","","CARSON","CA","US","90745","RESIDENCE","382 S. BEACH ROAD","","HOBE SOUND","FL","US","33455","LAX","MIA","NEW","LGB02","780.0","354.0","1001.0","454.0","1766.95","1196.74","DOMAIR","2","idollosa","2022-03-23T10:53:19.240Z","***INSIDE DELIVERY WITH DEBRIS REMOVAL***"
"7050566","EC","20978","MARVIN TEST SOLUTIONS,  INC.",20978,"IRVINE","CA","92614",21609,"MARVIN TEST SOLUTIONS, INC.","1770 KETTERING","","Irvine","CA","US","92614","N00421 NAVAL AIR WARFARE CENTER","BLDG. 512 VAUGHN ROAD","M/F P-3 TAIWAN FMS TW-P-SEG","Patuxent River","MD","US","20670","LAX","IAD","$$$","LGB07","177.0","80.3","177.0","80.3","550.00","0.00","DOMAIR","1","theresa.p","2022-03-23T08:09:55.000Z",
"7050610","EC","18301","BANNER PACKING",18301,"LOS ANGELES","CA","90048",18301,"BANNER PACKING","344 N. LA CIENEGA BLVD","","LOS ANGELES","CA","US","90048","","","","Harbor Springs","MI","US","49740","LAX","TVC","NEW","LAX17","110.0","50.0","357.0","162.0","845.00","557.26","DOMAIR","1","bromero","2022-03-23T13:03:35.563Z","**RESIDENTIAL CURBSIDE DELIVERY W/ LIFTGATE AND APPOINTMENT REQUIRED**"
"7050607","4D","19540","CANON MEDICAL SYSTEMS USA INC",19540,"TUSTIN","CA","92780",19539,"CANON MEDICAL SYSTEMS USA INC","1475 MAGNOLIA AVE","BUILD D","CORONA","CA","US","92882","NXC Imaging","Rayus Radiology - West St Paul","2118 4th Ave S","Minneapolis","MN","US","55404","LAX","MSP","$$$","LGB17","450.0","204.5","477.0","216.5",,,"DOMAIR","1","kangeles","2022-03-23T12:21:10.620Z","***MUST DELIVER TUESDAY 3/29 BY 11AM*** ***LIFTGATE/PALLET JACK / INSIDE DELIVERY*** ***MUST CALL PRIOR DELIVERY -- NO EXCEPTIONS***"
"7050611","EC","20834","TRAMO @ HOME LA INC",20834,"CARSON","CA","90745",20834,"TRAMO @ HOME LA INC","24640 S MAIN ST.","","CARSON","CA","US","90745","Residence","1000 S Ocean Blvd Unit 205","","Boca Raton","FL","US","33432","LAX","MIA","NEW","LGB02","680.0","308.5","680.0","308.5","945.00","0.00","DOMAIR","4","kangeles","2022-03-23T13:06:52.133Z","***RESIDENTIAL / LIFTGATE / INSIDE / DEBRIS REMOVAL*** ***CALL FOR APPOINTMENT***"
"7050601","EC","19540","CANON MEDICAL SYSTEMS USA INC",19540,"TUSTIN","CA","92780",19539,"CANON MEDICAL SYSTEMS USA INC","1475 MAGNOLIA AVE","BUILD D","CORONA","CA","US","92882","THE P TREATMENT","12 VAIL RD SUITE C500","","Vail","CO","US","81657","LAX","DEN","$$$","LGB17","410.0","186.5","485.0","220.5","804.21","603.04","DOMAIR","2","kangeles","2022-03-23T11:39:12.940Z","***MUST DELIVER WEDNESDAY 3/30 BY 11AM*** ***LIFTGATE / PALLET JACK / INSIDE / UNPACK / DEBRIS REMOVAL*** ***MUST CALL PRIOR DELIVERY TO MAKE SURE THE TECH MEETS THE DRIVER-- NO EXCEPTIONS***"
"7050611","EC","20834","TRAMO @ HOME LA INC",20834,"CARSON","CA","90745",20834,"TRAMO @ HOME LA INC","24640 S MAIN ST.","","CARSON","CA","US","90745","Residence","1000 S Ocean Blvd Unit 205","","Boca Raton","FL","US","33432","LAX","MIA","NEW","LGB02","680.0","308.5","680.0","308.5","945.00","0.00","DOMAIR","4","kangeles","2022-03-23T13:06:52.133Z","***RESIDENTIAL / LIFTGATE / INSIDE / DEBRIS REMOVAL*** ***CALL FOR APPOINTMENT***"
"7050611","EC","20834","TRAMO @ HOME LA INC",20834,"CARSON","CA","90745",20834,"TRAMO @ HOME LA INC","24640 S MAIN ST.","","CARSON","CA","US","90745","Residence","1000 S Ocean Blvd Unit 205","","Boca Raton","FL","US","33432","LAX","MIA","NEW","LGB02","680.0","308.5","680.0","308.5","945.00","0.00","DOMAIR","4","kangeles","2022-03-23T13:06:52.133Z","***RESIDENTIAL / LIFTGATE / INSIDE / DEBRIS REMOVAL*** ***CALL FOR APPOINTMENT***"
"7050601","EC","19540","CANON MEDICAL SYSTEMS USA INC",19540,"TUSTIN","CA","92780",19539,"CANON MEDICAL SYSTEMS USA INC","1475 MAGNOLIA AVE","BUILD D","CORONA","CA","US","92882","THE P TREATMENT","12 VAIL RD SUITE C500","","Vail","CO","US","81657","LAX","DEN","$$$","LGB17","410.0","186.5","485.0","220.5","804.21","603.04","DOMAIR","2","kangeles","2022-03-23T11:39:12.940Z","***MUST DELIVER WEDNESDAY 3/30 BY 11AM*** ***LIFTGATE / PALLET JACK / INSIDE / UNPACK / DEBRIS REMOVAL*** ***MUST CALL PRIOR DELIVERY TO MAKE SURE THE TECH MEETS THE DRIVER-- NO EXCEPTIONS***"
"7050607","4D","19540","CANON MEDICAL SYSTEMS USA INC",19540,"TUSTIN","CA","92780",19539,"CANON MEDICAL SYSTEMS USA INC","1475 MAGNOLIA AVE","BUILD D","CORONA","CA","US","92882","NXC Imaging","Rayus Radiology - West St Paul","2118 4th Ave S","Minneapolis","MN","US","55404","LAX","MSP","$$$","LGB17","450.0","204.5","477.0","216.5",,,"DOMAIR","1","kangeles","2022-03-23T12:21:10.620Z","***MUST DELIVER TUESDAY 3/29 BY 11AM*** ***LIFTGATE/PALLET JACK / INSIDE DELIVERY*** ***MUST CALL PRIOR DELIVERY -- NO EXCEPTIONS***"
"7050601","EC","19540","CANON MEDICAL SYSTEMS USA INC",19540,"TUSTIN","CA","92780",19539,"CANON MEDICAL SYSTEMS USA INC","1475 MAGNOLIA AVE","BUILD D","CORONA","CA","US","92882","THE P TREATMENT","12 VAIL RD SUITE C500","","Vail","CO","US","81657","LAX","DEN","$$$","LGB17","410.0","186.5","485.0","220.5","804.21","603.04","DOMAIR","2","kangeles","2022-03-23T11:39:12.940Z","***MUST DELIVER WEDNESDAY 3/30 BY 11AM*** ***LIFTGATE / PALLET JACK / INSIDE / UNPACK / DEBRIS REMOVAL*** ***MUST CALL PRIOR DELIVERY TO MAKE SURE THE TECH MEETS THE DRIVER-- NO EXCEPTIONS***"
"7050610","EC","18301","BANNER PACKING",18301,"LOS ANGELES","CA","90048",18301,"BANNER PACKING","344 N. LA CIENEGA BLVD","","LOS ANGELES","CA","US","90048","","","","Harbor Springs","MI","US","49740","LAX","TVC","NEW","LAX17","110.0","50.0","357.0","162.0","845.00","557.26","DOMAIR","1","bromero","2022-03-23T13:03:35.563Z","**RESIDENTIAL CURBSIDE DELIVERY W/ LIFTGATE AND APPOINTMENT REQUIRED**"
"7050610","EC","18301","BANNER PACKING",18301,"LOS ANGELES","CA","90048",18301,"BANNER PACKING","344 N. LA CIENEGA BLVD","","LOS ANGELES","CA","US","90048","","","","Harbor Springs","MI","US","49740","LAX","TVC","NEW","LAX17","110.0","50.0","357.0","162.0","845.00","557.26","DOMAIR","1","bromero","2022-03-23T13:03:35.563Z","**RESIDENTIAL CURBSIDE DELIVERY W/ LIFTGATE AND APPOINTMENT REQUIRED**"
"7050599","EC","2372","WARNER BROS CORP. LOGISTICS & TRAFFIC",2372,"BURBANK","CA","91522",0,"WB ARCHIVES","10671 Lanark Street","","Burbank","CA","US","91522","Ballard Institute and Museum of Puppetry","1 Royce Circle, Suite 101B","c/o Matthew Sorensen 	University of Connecticut","Storrs Mansfield","CT","US","06268","LAX","BDL","NEW","SFO03","3538.0","1605.5","8166.0","3705.0","8500.00","5364.79","DOMAIR","10","evillalobo","2022-03-23T11:36:20.910Z",
"7050592","EC","20224","GREVES DISPLAYS  AND WOODWORKS",20224,"ORANGE","CA","92867",20224,"GREVES CO","961 N PARKER ST","","ORANGE","CA","US","92867","Agam","6695 Business Pkwy","","Elkridge","MD","US","21075","LAX","BWI","NEW","LGB03","600.0","272.5","2716.0","1232.0","2261.81","0.00","DOMAIR","2","atalley","2022-03-23T10:33:04.540Z",
"7050606","EC","18301","BANNER PACKING",18301,"LOS ANGELES","CA","90048",18301,"BANNER PACKING","344 N. LA CIENEGA BLVD","","LOS ANGELES","CA","US","90048","Residential delivery address:","4414 Burnet Road","","Austin","TX","US","78756","LAX","AUS","$$$","LAX17","380.0","172.5","1240.0","563.0","922.89","0.00","DOMAIR","2","atalley","2022-03-23T12:02:01.860Z",
"7050604","EC","2430","CHRISTIE DIGITAL (CA)",2430,"CYPRESS","CA","90630",0,"","","","Riverside","CA","US","92507","","","","Hauppauge","NY","US","11788","LAX","JFK","NEW","LAX06","152.0","69.0","197.0","89.5","0.00","192.04","DOMAIR","1","dahall","2022-03-23T11:55:26.510Z",
"7050579","3D","20608","NATIONWIDE WHOLESALE VIDEO,  INC",20608,"WIXON","MI","48393",21403,"NATIONWIDE - EWR","60 METRO WAY","","Secaucus","NJ","US","07094","Nationwide Video - Orlando","1031 Crews Commerce Drive Suite 100","","Orlando","FL","US","32837","EWR","MCO","NEW","LGB17","2565.0","1163.5","3474.0","1576.0","2089.25","0.00","DOMAIR","9","joshernand","2022-03-23T08:49:34.167Z","***MUST PICKUP FRIDAY 3/25 1600-1800***"
"7050590","EC","19113","NEWPORT PACK AND CRATE",19113,"SANTA ANA","CA","92707",19113,"NEWPORT PACK AND CRATE","3044 ORANGE AVE","","SANTA ANA","CA","US","92707","B& B Construction","2911 E. 81st. St., Unit D","","Kansas City","MO","US","64132","LAX","MCI","$$$","LAX17","356.0","161.5","356.0","161.5","389.24","0.00","DOMAIR","1","atalley","2022-03-23T10:10:33.723Z","LIFT GATE REQUIRD AT DELIVERY"
"7050590","EC","19113","NEWPORT PACK AND CRATE",19113,"SANTA ANA","CA","92707",19113,"NEWPORT PACK AND CRATE","3044 ORANGE AVE","","SANTA ANA","CA","US","92707","B& B Construction","2911 E. 81st. St., Unit D","","Kansas City","MO","US","64132","LAX","MCI","$$$","LAX17","356.0","161.5","356.0","161.5","389.24","0.00","DOMAIR","1","atalley","2022-03-23T10:10:33.723Z","LIFT GATE REQUIRD AT DELIVERY"
"7050579","3D","20608","NATIONWIDE WHOLESALE VIDEO,  INC",20608,"WIXON","MI","48393",21403,"NATIONWIDE - EWR","60 METRO WAY","","Secaucus","NJ","US","07094","Nationwide Video - Orlando","1031 Crews Commerce Drive Suite 100","","Orlando","FL","US","32837","EWR","MCO","NEW","LGB17","2565.0","1163.5","3474.0","1576.0","2089.25","0.00","DOMAIR","9","joshernand","2022-03-23T08:49:34.167Z","***MUST DELIVER WEDNESDAY 3/30 BY 1700***"
"7050579","3D","20608","NATIONWIDE WHOLESALE VIDEO,  INC",20608,"WIXON","MI","48393",21403,"NATIONWIDE - EWR","60 METRO WAY","","Secaucus","NJ","US","07094","Nationwide Video - Orlando","1031 Crews Commerce Drive Suite 100","","Orlando","FL","US","32837","EWR","MCO","NEW","LGB17","2565.0","1163.5","3474.0","1576.0","2089.25","0.00","DOMAIR","9","joshernand","2022-03-23T08:49:34.167Z","***MUST PICKUP FRIDAY 3/25 1600-1800 AND DELIVER WEDNESDAY 3/30 BY 1700***"
"7050580","2D","20385","SAFRAN C/O MAG AEROSPACE INDUSTRIES",20385,"CARSON","CA","90746",21207,"AIRTECH INTERNTIONAL","6377 KIMBALL AVE","","CHINO","CA","US","91708","RIO BRAVO INDUSTRIES","12035 ROJAS DR. SUITE F","","EL PASO","TX","US","79936","LAX","ELP","$$$","LGB07","260.0","118.0","619.0","281.0",,,"DOMAIR","5","kangeles","2022-03-23T08:46:35.520Z",
"7050551","EC","13090","GLOBALTRANZ ENTERPRISES, INC",13090,"SCOTTSDALE","AZ","85256",0,"","","","Carson","CA","US","90810","","","","Flower Mound","TX","US","75028","LAX","DFW","NEW","LAX06","600.0","272.5","1711.0","776.5","0.00","506.27","DOMAIR","3","dahall","2022-03-23T05:44:57.267Z",
"7050573","EC","20563","ESL POWER SYSTEMS INC",20563,"CORONA","CA","92880",20563,"ESL POWER SYSTEMS INC","2800 PALISADES DRIVE","","CORONA","CA","US","92880","","","","Covington","KY","US","41011","LAX","CVG","$$$","LGB07","150.0","68.0","150.0","68.0","225.00","73.88","DOMAIR","1","bromero","2022-03-23T08:30:47.943Z",